2.348402661818615123e+00,1.746854357343351039e+00,2.472273014671092728e+00
4.020488122419278998e-01,1.099289217980736089e+00,1.859383302647863667e+00
2.294028872007494613e+00,1.886126010307964895e+00,1.002128486395652107e+00
2.218936615796255118e+00,1.535640916787698762e+00,1.180981229715408976e+00
2.671279621100647095e+00,1.230539620801623268e+00,2.159855958641664575e+00
8.092292816434967229e-01,2.005916901616087600e+00,2.371802997843027061e+00
1.286216568940840022e+00,2.115262371515358453e+00,1.658631589631384795e+00
3.803547737617146041e+00,1.696236150107670371e+00,1.350319764127522637e+00
-1.925840274551937625e-01,2.329076802532167534e+00,1.393368711644626057e+00
3.208699840682323057e-01,1.849735396515502117e+00,1.980009755171971753e+00
1.312865337473768879e+00,2.051131215582220779e+00,2.460798458938420197e+00
9.576347303116972132e-01,1.874879326038290328e+00,1.743535629617498195e+00
2.067379824168965374e+00,1.762565600076573258e+00,2.191893575000893435e+00
2.215062800300309220e+00,2.502149154154592381e+00,1.754365742263044314e+00
2.609620299150828160e+00,3.244812945448268593e+00,2.873158867371623959e+00
-5.762493264820687244e-01,2.266729979332079203e+00,1.289226681004192354e+00
2.346999951449046939e+00,1.707998915804499029e+00,1.687671392272205306e+00
4.127723361518835787e-01,1.810431889904063896e+00,2.057585137424200461e+00
1.759873409421220947e+00,2.007853557422702995e+00,2.155779557418466830e+00
1.804034721328654056e+00,1.538193136558378082e+00,2.107593201079072553e+00
3.474734834041170117e+00,1.594724776045850279e+00,2.083476292759972814e+00
3.948002936537096996e+00,2.067852232901532972e+00,1.967662446545917820e+00
7.619363201417916898e-01,1.983054392242214137e+00,1.837462931480632999e+00
1.433574998861722127e+00,1.787226519720543472e+00,2.894911931617691003e+00
2.961391498244794196e-01,2.212562237815755672e+00,2.341840211947117556e+00
1.290116344156237105e+00,3.036571976915747761e+00,1.477398005826457972e+00
1.995262553706041775e+00,2.702418049774284015e+00,7.690601532296379439e-01
1.036720209137455218e+00,2.578366489992445221e+00,1.455182477877894343e+00
2.388780751871574903e+00,1.009121867925988125e+00,2.053272370704303018e+00
1.743546672848310441e+00,2.828969662468492352e+00,1.922549467616153418e+00
1.194201947864040214e+00,2.574080834569274057e+00,1.972429539305518897e+00
3.498481912855623044e+00,1.915122897985639616e+00,2.346998897225050396e+00
2.290870352759446948e+00,1.150667643986009292e+00,3.005497733923414128e+00
1.953757761975728258e+00,1.336540832687211466e+00,2.865841134586590844e+00
2.056757059021004697e+00,9.381425512720824589e-01,2.783280049957062463e+00
2.474822033865184068e+00,1.692752230685462322e+00,2.527035999637535557e+00
8.532097403991967255e-03,1.881954343347891578e+00,2.039007703507541791e+00
2.327188699180311460e-01,2.695479552623493369e+00,1.370843135106072808e+00
2.097601501804180479e+00,2.102668147326021142e+00,2.852124402453494856e+00
1.449140903618965748e+00,1.457499424735917426e+00,2.846240502611871559e+00
2.521556921823693287e+00,2.318387830157237151e+00,2.345215745512733818e+00
3.140321802956990815e+00,8.476634508859683947e-01,1.685291348416872781e+00
1.248868432819235652e+00,1.604244921856747608e+00,1.687490321292576478e+00
3.209615664968700877e+00,2.308605261794817398e+00,2.585427298001193641e+00
1.920132112306582872e+00,1.393727382142036841e+00,2.643749315399365418e+00
1.668160890804231355e+00,1.618629058662028442e+00,2.300387930615311660e+00
2.042797885840895056e+00,2.219381484724476383e+00,2.045092925029602604e+00
1.568954580288068668e+00,1.495917092119931180e+00,1.441323192419522004e+00
3.198992977750517497e+00,2.514611650833066037e+00,1.220184519740244777e+00
1.858794002205591100e+00,2.656202127016214831e+00,1.599859790942657067e+00
8.745854275274056455e-01,1.953144762319883876e+00,1.406376340580489659e+00
1.906453088372040527e+00,1.477178372817219199e+00,2.422434124295651969e+00
2.371275380256494980e+00,2.533215759702637015e+00,2.012986017007516448e+00
3.192500630215104884e-01,2.108250263949163816e+00,1.702590116855719593e+00
2.203187353133041260e+00,2.118959286204086467e+00,2.863356720409627520e+00
2.567025853814643099e+00,1.685634147414208917e+00,1.078562214691817234e+00
3.984011496982451384e-01,1.534438091435790241e+00,9.148234580192995402e-01
2.648160943775246690e+00,1.455230449534803405e+00,2.176487093313847154e+00
4.298297508317659776e+00,1.608842483126667888e+00,2.475867333426645001e+00
-8.038844220566252474e-01,2.347470429602273700e+00,2.272670622751941316e+00
2.089930547896317936e+00,1.186864351507261217e+00,2.172936454348830537e+00
2.540421881734162390e+00,1.801386196765601744e+00,1.527841017898848186e+00
2.346513394487074855e+00,1.625364229645951619e+00,1.006670930018240595e+00
5.194424792715635064e-01,1.654679732530982550e+00,1.945773450600616572e+00
2.466068150327243469e+00,2.983146882767329089e+00,3.061467716811101081e+00
1.589244429796600633e+00,2.693255491218232045e+00,1.832407754934643807e+00
-8.946596525796035593e-02,2.154433748759343015e+00,2.127029846508974753e+00
1.970956690675660372e+00,2.274747477602884871e+00,2.098321967372438035e+00
2.540132087737420274e+00,2.068332989599936056e+00,1.822132381321747596e+00
1.210820454301916982e+00,2.767189411693728118e+00,2.785926481302920088e+00
1.465750067902617415e+00,2.058342287619768118e+00,1.436049279010178203e+00
2.377640630112174414e+00,1.468111103957597585e+00,1.696807433251905195e+00
1.013890025070772083e+00,2.074407495113118838e+00,2.458395413803911467e+00
2.278889336731120263e+00,1.893054483727754533e+00,1.633449706768221876e+00
1.359654541093179070e+00,2.321451215426992842e+00,2.222459334494801819e+00
1.165343825687457979e+00,2.425071420542502132e+00,1.590981839131326403e+00
1.880572733492920978e+00,2.527049160973203090e+00,1.834639580408979453e+00
2.603053632948063800e+00,2.143676112729685279e+00,1.951814256859796259e+00
2.476935198641582403e+00,2.000929052399258001e+00,2.075125301371674169e+00
4.057118342237790110e+00,2.501583210304379801e+00,2.415397372817759791e+00
2.378217916735024584e+00,1.901016070426889026e+00,2.057063416688767798e+00
2.099089924609192526e+00,1.778296174247587347e+00,2.140382875515935979e+00
2.844984676467792184e+00,1.165100674549964133e+00,9.254377075626818439e-01
3.164275760886208211e+00,1.366133830360575452e+00,1.243174121394971188e+00
-1.127010741071181599e-01,1.687776407291192049e+00,1.421200487361469644e+00
9.641098618381807039e-01,2.261740236300529006e+00,2.247821119767755338e+00
1.598663014734909016e+00,7.885961924754520957e-01,1.080056257099681893e+00
2.450618690902240715e+00,2.211754218179378118e+00,2.429536546017021514e+00
3.650016465537559540e+00,2.606000056533205544e+00,2.612558986978961162e+00
1.627003184628501575e+00,1.765542955982135398e+00,2.130071367139810601e+00
1.420990089424309932e+00,2.600861941855070913e+00,2.557753665392708875e+00
1.128461842978560448e+00,2.520003701313192401e+00,2.550759681650924371e+00
1.808845688504974181e-01,1.831157052790629347e+00,2.465935005626954890e+00
9.351946728731790337e-01,1.471967418970955066e+00,2.061627313758080948e+00
2.883333256943242162e+00,1.164394965798652315e+00,1.832044021166258529e+00
2.617624913135334630e+00,2.227442061319576005e+00,1.684279647065256125e+00
2.020213843981444324e+00,2.985896125998302786e+00,2.889553541731017638e+00
3.457802953057716344e+00,1.948292372655949345e+00,1.977526810566200721e+00
1.218584932555037081e+00,2.303061296829481019e+00,2.179791612256020805e+00
1.138056465899548453e-01,1.969900165052585583e+00,2.085964180462406059e+00
2.337296111756356431e+00,1.487379056927538912e+00,2.506954797928742984e+00
2.592469628478041521e+00,2.277025452375730286e+00,1.398872940289641598e+00
1.726617372947962803e+00,1.828655046273614193e+00,2.121308328598129123e+00
1.627945217325536431e+00,1.106576290423633369e+00,2.272483375550069074e+00
3.134142467539146715e+00,2.402105993652659421e+00,2.306378377211167674e+00
2.441010798380852442e+00,8.276152304573285434e-01,1.205901670002625492e+00
4.930958654177595157e-01,9.178855339212139697e-01,2.114150509171172310e+00
2.954966927600017002e+00,2.036212182386718528e+00,2.220758508238206641e+00
2.379348477323667055e+00,1.460427557606246873e+00,2.584307381305452012e+00
2.640301619012244139e+00,1.900113947863733665e+00,2.127687867928723442e+00
1.621457259986505139e+00,2.163700585592894132e+00,2.073846620661638163e+00
1.953643347436256450e+00,1.764853687780476355e+00,1.190969922721085483e+00
2.880726577092332708e+00,2.366996670381427581e+00,1.618669261881699128e+00
3.073578824485393213e+00,9.847885884429641301e-01,2.507136132713277732e+00
1.413957798135658361e+00,1.472686766743910525e+00,3.034831696308104121e+00
2.477777884800240749e-01,2.032509914450070454e+00,2.187307770606646606e+00
4.357220917436606555e+00,2.211285455089791352e+00,1.921033922227869617e+00
-2.500034141752229822e-01,2.318360560825951211e+00,2.006685263943424502e+00
9.624126784760778097e-01,8.026710029952301984e-01,1.753354321599021715e+00
1.941601870402874574e+00,2.367756164694952759e+00,2.237940647916103032e+00
8.682603928304646335e-01,1.759219608186760153e+00,2.222427664027690319e+00
7.644133102369483623e-01,1.876656898288198594e+00,2.547634606241370392e+00
2.177425455407663080e+00,1.897767134848456383e+00,1.314065951541167010e+00
2.280761990149554830e+00,1.886302485885490210e+00,2.067066156017348000e+00
2.058984037070167528e+00,2.110491960998417849e+00,1.159648693250276086e+00
6.838125376126413801e-01,1.651144422315755866e+00,2.019474843773354067e+00
2.071439037245290216e+00,2.657696832029122103e+00,2.143831192349334724e+00
1.958958279857372364e+00,1.822251868787913232e+00,1.561592568436833250e+00
3.118493641530089011e+00,2.400882065877114613e+00,1.126122828395510700e+00
2.115423635577386552e+00,1.340306192711985700e+00,1.780546007902527705e+00
1.498833478408421405e+00,2.356258398015716793e+00,3.031484397820842780e+00
1.844651416776552866e+00,1.053774558960579810e+00,1.542058149811251111e+00
3.237171602612948895e+00,1.887955901613555199e+00,1.925930861099137026e+00
2.047249449580719194e+00,1.864891299382166689e+00,1.849396205073796429e+00
2.384105585893845358e+00,2.165910163481574724e+00,2.336762292570804256e+00
1.067268117398920912e+00,1.920624518881743015e+00,2.296221890750348660e+00
1.251811889950902312e+00,7.483068545838629237e-01,1.953482864320499113e+00
9.898016740609976161e-01,1.808275615089555366e+00,6.269275536137424165e-01
1.257114775159519748e+00,2.218028431343124218e+00,1.695242495673088712e+00
2.279117983469182818e+00,1.365991585664063868e+00,2.389351158640117490e+00
6.695067278902691044e-01,1.936499556663238808e+00,2.234366666167276527e+00
4.447422055046416745e+00,2.054415201178154238e+00,1.888694830897912791e+00
1.032128447084874390e+00,2.066151433622815503e+00,1.517283353992638473e+00
3.750082195726687218e-01,1.945055889657595571e+00,2.160387459138106259e+00
1.542782588008153599e+00,1.345119772076388776e+00,2.804241643357464397e+00
-5.948243197989224740e-01,1.880414830585126928e+00,1.532907090550506224e+00
3.047571581131891083e+00,2.214220810446259513e+00,1.581047621648970170e+00
1.548002455198157268e+00,1.855113880666651172e+00,1.210547080128457909e+00
1.961600484977817471e+00,1.969153790520845826e+00,1.229615545146223177e+00
9.698960726163854407e-01,2.695296308111563732e+00,1.707802908174784307e+00
1.237787788153856372e+00,2.596301525963185863e+00,3.247373687393050101e+00
1.605408679571070918e+00,2.060869208890486526e+00,1.529682728586049478e+00
1.728409320227958901e+00,1.533937031208756574e+00,2.501723175575822022e+00
1.401084602432640880e+00,1.519030723654675619e+00,2.911001453519912019e+00
1.357390907129028434e+00,3.490291047260178914e+00,2.302912217961197161e+00
1.983305023109209753e+00,1.703553385515379270e+00,9.838964081338372747e-01
1.303086496836218355e+00,1.936009564300006813e+00,1.692157813393220245e+00
2.021469321103247285e+00,2.006216324478294677e+00,1.899261163812090647e+00
1.838926904537885321e+00,2.080705005163701937e+00,1.621315182700892032e+00
1.960841767526834145e+00,2.707408499720025397e+00,1.618644239015474717e+00
2.235331868008326950e+00,2.466662266654731539e+00,1.633860316198727958e+00
1.296382243230861153e+00,2.391832826452896743e+00,2.998860068415480029e+00
1.969551146353414328e+00,1.988520949750826938e+00,2.271815896583237127e+00
1.903971282913372587e+00,1.711597785363966118e+00,1.898728481086173314e+00
-1.445465594363062323e-01,2.339795416181178034e+00,2.332382699645313640e+00
1.483588153997729364e+00,1.882383478866398230e+00,1.963751892795560394e+00
6.136532049286524959e-01,2.256855898087461121e+00,9.330469669130827537e-01
6.607837599865036271e-01,2.226504651766203047e+00,2.169869702011143708e+00
2.440180607223520148e+00,1.571845924447703435e+00,1.749856858217027966e+00
2.283894669684702894e+00,1.752751560101886596e+00,2.038168274531892532e+00
2.522821176935917453e+00,2.858473494549744309e+00,2.607902007065966199e+00
3.576887600695483727e+00,3.056405902260736163e+00,1.438556543850081360e+00
2.507600422696900644e-01,1.814329987098689090e+00,1.991301233867188492e+00
1.341966314298413065e+00,3.223610463343673516e-01,1.426642017142801810e+00
1.482303904183910115e+00,2.171065086133272537e+00,2.445110210712647447e+00
2.457038903269338714e+00,1.835046106929104193e+00,1.727422877371431964e+00
1.941556372462836855e+00,3.101679931700541015e+00,1.343150279964228311e+00
4.665414618084959830e-01,2.373277986999305700e+00,1.862701756985858603e+00
1.446366524219083738e+00,1.412713123029214701e+00,1.807892716999155880e+00
2.522336726580999500e+00,2.769474769338424736e+00,2.127758765801616825e+00
2.808917604475059449e+00,2.152348018231280413e+00,1.717110998299724356e+00
9.742670903046917186e-01,2.382855953819273953e+00,1.743916901387840168e+00
1.399577317825607903e+00,1.651586746856982479e+00,1.982260952613029037e+00
1.933306635189167899e+00,2.524687079954565760e+00,1.500741680589473770e+00
1.542358555395213937e+00,2.744271639665562645e+00,1.882270405277964631e+00
3.090817196725709870e+00,1.176385026970541148e+00,2.603148403483590556e+00
3.058045292984608921e+00,1.461212074666091265e+00,2.419950381520758143e+00
1.552835096399217019e+00,2.851570979708269782e+00,1.848179362226356925e+00
2.373065507357547510e+00,3.023496594829917061e+00,1.517165863384955404e+00
1.866733087390759493e+00,2.357766773786985848e+00,2.294492335145006390e+00
3.211858220243929196e+00,1.627891831389076227e+00,1.108729861017377250e+00
2.876458858195209967e+00,1.852151427054721911e+00,2.307861100159589895e+00
3.431607349723632350e+00,1.321614470593615476e+00,1.948640201753813361e+00
2.977130592105162510e+00,1.966827449491084900e+00,1.728954218869220849e+00
2.427961038338751543e+00,1.635103592264855799e+00,1.336623096730453542e+00
2.708645216888212914e+00,1.241808469757390565e+00,1.564524794033393285e+00
1.672357064790444658e+00,2.060421274879248976e+00,2.286754360022441812e+00
1.456247823089831250e-01,2.190910478028647468e+00,1.530088436441684241e+00
2.106216341780478452e+00,1.739450859152297468e+00,2.344590599605885117e+00
2.907657711259356681e+00,6.356001569507372384e-01,2.678054902855776298e+00
7.513791892725498300e+00,7.833813344969141612e-01,4.078546128844071639e+00
9.307756487701087877e+00,1.124909143035049075e+00,5.410506319393214802e+00
6.602669667323830538e+00,2.591221587438195861e+00,4.355650293053628275e+00
7.544400892805202652e+00,6.589710039720447776e-01,4.705627326054827364e+00
7.343120830727542625e+00,1.750396540518647681e+00,5.060623402227500733e+00
7.786963862651637314e+00,1.591603518593597943e+00,3.144319188805425824e+00
8.136618935945202580e+00,1.670069336954731698e+00,6.258031794153566807e+00
6.952172188566455802e+00,8.570806765021674600e-01,4.402334182599153323e+00
9.003147924377518763e+00,1.333376637962460087e+00,5.425128621807213669e+00
6.613470555537234397e+00,1.409863163581426049e+00,5.114942079379840578e+00
6.770722242836198390e+00,9.270055510003210042e-01,5.543153089685135093e+00
1.002791245352022287e+01,1.887482238246400490e+00,4.391130842706793658e+00
7.040613107312466923e+00,1.513821256041903984e+00,5.485612576630970239e+00
7.604558271079191023e+00,1.086548026864160299e+00,4.362188842286403023e+00
8.768960830832437381e+00,1.246847114780542665e+00,4.724785284896213078e+00
7.698473563303858569e+00,1.446781356001511254e+00,4.354903292015078087e+00
6.900867517564540421e+00,1.960184634751623634e+00,3.361420619163947521e+00
8.917906292163849002e+00,1.641780718044759446e+00,4.147936595796492654e+00
8.403307889764384697e+00,1.229766734930784366e+00,4.483325342184005358e+00
6.254456523945781221e+00,1.319243744086506798e+00,2.212127950176283164e+00
7.522702122350945153e+00,1.785149350566240134e+00,3.766746945515481837e+00
7.362074410547901238e+00,2.102698322171130840e+00,5.094831566136845069e+00
1.009931642037759403e+01,8.203640785788409717e-01,4.702805261987474950e+00
7.773806581012177475e+00,1.194163588891337113e+00,6.092317816223657090e+00
8.252184967820637596e+00,2.036224270271611569e+00,5.089833248237219721e+00
9.252965471995379332e+00,1.659929425942278769e+00,5.370669636044082651e+00
8.118888980778413256e+00,9.310742861809584436e-01,4.805289995302030270e+00
8.585093665641013061e+00,-8.871804130960336821e-02,6.351335923743510747e+00
6.638853265399700554e+00,1.140682561878233692e+00,6.496277983872632333e+00
6.833346409423445067e+00,1.577759493714655514e+00,4.096615520222074203e+00
7.506903596607605422e+00,1.530048811593059943e+00,4.486795601175271209e+00
8.848651626764159062e+00,1.377703281097219623e+00,6.265269147976973763e+00
1.052146109427356180e+01,2.310171906330722891e+00,4.750222961066345562e+00
8.731465667768153693e+00,2.305054513691722651e+00,4.858976012895988461e+00
8.484404320047893577e+00,2.193216953595758856e+00,4.100101592755796887e+00
8.636069655367014875e+00,2.018153872830316331e+00,6.110052718013398554e+00
8.412431152997736916e+00,1.994136149756077891e+00,4.842322790046503123e+00
6.502221059104410728e+00,1.950523624501453668e+00,6.174122560187686126e+00
7.752529118554900123e+00,1.947683678198518065e+00,5.160933998343712581e+00
7.774095298508158614e+00,9.932888035908035151e-01,4.104572164999478190e+00
8.658654223108875669e+00,1.502770026587094021e+00,5.463689422526388562e+00
8.112416827602711322e+00,1.774395364111130746e+00,3.829796327758372421e+00
6.841590298708301709e+00,1.381390763985788528e+00,3.502925655156277962e+00
9.503380697967610757e+00,1.724494476357962380e+00,4.052432866307073667e+00
7.999600494006402940e+00,2.017708271493782402e+00,3.949528921194962017e+00
7.669905055851343079e+00,5.900835452121477864e-01,4.852009583199750509e+00
8.723795903934853158e+00,1.918816768198432499e+00,6.131095719978691960e+00
7.427500791563501181e+00,3.251625171783261159e-01,2.460355195666935391e+00
9.177557500167701221e+00,1.044944729342305534e+00,4.846356329276153119e+00
6.884847109846732316e+00,1.355995243335199385e+00,5.806142898210674197e+00
9.161372466831460670e+00,2.048033480107772419e+00,4.983897690265701286e+00
7.337593439306057341e+00,8.754670688204354567e-01,4.590137124657689860e+00
8.515584212214138304e+00,1.072955769184641195e+00,4.710471201713533063e+00
9.455240131634585765e+00,2.598790051101961041e+00,4.313289615920618658e+00
8.360091616890777289e+00,6.929000534102579545e-01,5.264246381100571526e+00
6.330303016638370472e+00,1.830357482982505557e+00,5.070242037948548663e+00
7.903913826096575335e+00,1.702707019308371761e+00,4.866062206537982604e+00
7.583449107111539078e+00,1.110148085517492778e+00,4.661187008242186458e+00
6.613562028351380739e+00,1.488897650304888520e+00,6.320165552586522573e+00
8.604357811561204272e+00,7.313162255628112840e-01,5.971839270765384455e+00
7.509708489698876832e+00,8.743081261983607355e-01,3.944667236173264868e+00
7.854449365241983116e+00,1.694121765803710433e+00,4.855443536713694996e+00
9.089956353299964320e+00,1.857283196672622871e+00,4.546709748305624466e+00
8.905784185087647131e+00,2.101654151490716327e+00,6.747969390675655710e+00
1.042068152790940516e+01,1.545221538442226317e+00,5.543592822391456565e+00
6.783142787700474408e+00,1.767074558821299934e+00,5.484700262912028279e+00
9.078909094525684509e+00,1.326280945089919561e+00,4.104622107506195050e+00
8.710601528817985439e+00,6.296314804087115302e-01,2.030822124982544885e+00
8.038582859877761777e+00,1.757304510105483608e+00,4.268212888145582085e+00
9.015998442413037495e+00,8.604506786071718372e-01,5.415274796411750025e+00
7.775093848389853513e+00,2.070664635877750737e+00,6.519595931477571327e+00
8.567438337974987661e+00,1.447237994466468614e+00,4.592496631500276649e+00
9.413504559744332312e+00,1.808843752622245171e+00,4.904362930521199537e+00
9.038592244892878824e+00,1.710886892877724108e+00,4.549705039714385890e+00
7.567825724656378483e+00,1.038401007859261149e+00,4.394575444577608181e+00
9.003101627431746579e+00,1.099178819747200109e+00,4.177084112799012594e+00
7.006185390750816921e+00,2.078433234488826109e+00,3.340128540708728444e+00
7.840788712572932972e+00,1.088465840822414155e+00,5.214020759505334723e+00
8.035680624977768360e+00,1.262805958506730608e+00,5.140407221575418184e+00
7.334408061573344462e+00,1.925086942286988290e+00,2.334592169580608001e+00
6.860206378938995542e+00,1.342452277496441804e+00,4.376193399719426225e+00
9.430391105823922260e+00,2.682609357082883061e+00,4.334723920524329088e+00
9.322135533876698688e+00,1.012040333075117093e-01,6.385418035555745497e+00
8.692141769669092355e+00,1.078661202359086690e+00,5.985902550571712055e+00
8.873206066447790974e+00,2.119008405157031483e+00,4.665795176103570086e+00
7.853476676315037430e+00,9.103738472548960070e-01,4.621441953604025876e+00
7.565161019971297307e+00,1.325912495811392366e+00,5.368112076620417561e+00
7.945480188474965288e+00,1.384093965789979341e+00,3.695226976951779818e+00
7.744109213306155759e+00,9.786078627277743358e-01,2.661623384472472598e+00
8.582254032773738217e+00,5.266576196763335105e-01,3.969376318615118748e+00
7.662300669194739733e+00,8.689319808145422597e-01,7.095107100654974630e+00
9.647265218184667646e+00,1.587516673739960638e+00,5.819883851667904118e+00
8.744540906621436349e+00,1.813549086043310554e+00,4.679051238026148418e+00
8.463565254467406263e+00,8.923394960790193009e-01,6.209867370059219738e+00
8.126203360850817958e+00,1.968186839728808479e+00,3.124950394955007482e+00
8.091857721016854299e+00,6.574230485475079933e-01,5.953027080202684118e+00
8.856256963418418948e+00,1.041905520088765025e+00,5.192223619153295999e+00
7.687789986435500822e+00,1.176305098106170455e+00,5.024921085331250481e+00
8.447143086622313390e+00,1.190140354854621219e+00,4.696552067495911587e+00
7.052653898248496311e+00,1.243897208406157473e+00,5.289261957533986092e+00
6.382860324644213712e+00,1.891724563270917203e+00,4.828741983479145183e+00
7.503269020178573889e+00,7.204308299928390280e-01,4.820927539896542768e+00
8.566965050891448996e+00,1.696398248397881003e+00,5.188164902144309032e+00
6.993187190230432115e+00,1.216999928103846385e+00,5.687397319580060895e+00
7.691747164783765633e+00,1.748468336055330141e+00,4.619278761378722287e+00
8.259707369161942481e+00,1.588168852007265874e+00,5.263214283068456290e+00
7.551735062542578980e+00,1.306202296886037617e+00,5.405823679177320429e+00
9.091276021039092825e+00,1.977042618784277561e+00,3.835536790624375136e+00
9.025736934301049175e+00,1.557974938528754461e+00,4.669958164405594303e+00
8.861771076222540344e+00,1.125741558689658639e+00,6.348755684802711130e+00
7.674727321328903784e+00,1.174932000316409209e+00,5.069325786109384779e+00
7.930344699327773306e+00,1.594831863465251187e+00,5.568776158336952165e+00
8.499986217243197473e+00,1.144197620102845425e+00,5.289362700165697539e+00
8.983304579291502279e+00,1.771286065480232930e+00,5.082733787989237584e+00
9.434507299190123319e+00,1.483839494693303118e+00,6.581747657564880782e+00
8.324505673923182414e+00,1.959638975446982512e+00,6.131694048974033251e+00
9.692428107866637887e+00,1.955788478897984239e+00,4.540893587310717905e+00
7.731783737923395350e+00,1.121836180634812052e+00,5.662085703304940765e+00
8.335557938416235046e+00,1.221001036005432194e+00,5.351721210359747793e+00
7.164342366432790321e+00,1.580798836874063307e+00,4.016783116405780341e+00
9.662588363416752202e+00,1.830103381670546980e+00,2.313768371728546214e+00
8.482610284288318425e+00,1.241848895156608013e+00,5.460615615859355287e+00
7.120984125457970215e+00,1.643406896991081556e+00,5.819442611773323115e+00
9.006926366982213494e+00,2.040452131653384349e+00,4.365123153116557297e+00
7.735059922898128271e+00,8.487762968617084125e-01,4.292760609025044971e+00
7.503563671113261613e+00,1.230388455218115684e+00,2.765230319870517928e+00
8.550819573276061902e+00,2.206031078981374183e+00,4.776082187810376745e+00
8.390822191730114454e+00,2.179504436014811031e+00,4.295756531150061619e+00
6.062283984176137785e+00,2.403906346093015678e+00,3.051206389060537205e+00
8.892804873662042198e+00,1.202853410329631778e+00,3.892038707661964025e+00
6.737604783908949457e+00,4.018340564685725091e-01,4.621645193799672313e+00
8.492579359087443436e+00,1.146671129703276781e+00,4.881873752151238754e+00
7.785953170212573937e+00,1.599212308977486341e+00,3.725998480332231466e+00
5.292725718453983319e+00,2.395111109422664697e+00,5.752152829526433919e+00
8.865084320851421396e+00,1.788154862582462368e+00,3.076783131888321421e+00
8.313325022425654964e+00,7.047266878242125498e-01,4.260480048010469645e+00
8.455957038981171792e+00,1.900069027138175048e+00,5.501232768877902579e+00
8.041982405916908050e+00,1.376137018721035554e+00,4.200020627497247361e+00
8.281960435841250856e+00,1.861576909729486085e+00,2.245950221437524874e+00
7.608773522583621052e+00,1.397720185879506083e+00,4.387580041450557466e+00
6.906338873079531204e+00,1.026386054407696591e+00,5.801064276298339983e+00
6.878337859402915200e+00,1.795253005827041726e+00,4.064098352606370312e+00
9.565742783580850173e+00,2.159296848574631333e+00,4.147124449054608419e+00
7.294965112279817809e+00,2.227091072712997111e+00,4.793780229924808900e+00
9.214354808711242129e+00,1.067663070673465331e+00,4.551849026804578813e+00
9.079416915347445993e+00,1.312946795539067013e+00,7.695839420860282054e+00
7.414752715111582404e+00,1.620787578462803413e+00,5.114321633273738676e+00
8.796073496369631428e+00,1.560743259567351604e+00,5.054768218583904904e+00
7.824665959111429814e+00,1.095126225452804025e+00,3.385812219585399241e+00
7.404298790265208652e+00,1.928355166104281260e+00,6.369574009230998257e+00
8.555892294679141585e+00,1.533562536699029977e+00,3.766127109204374879e+00
7.271353690201164177e+00,1.486983954002224717e+00,5.352208637197835017e+00
8.001991583106640604e+00,1.788071666287296413e+00,2.591967223272060306e+00
9.142003263062910889e+00,1.422593142855087756e+00,4.962979578656224078e+00
9.121876629046951734e+00,1.757525775470692775e+00,3.329682463723389496e+00
1.050664172411747188e+01,8.969756972683171625e-01,3.778803318656662746e+00
8.694392970794506681e+00,1.259819537951532897e+00,4.521361733866676502e+00
1.018054473497869239e+01,1.285793561026495224e+00,6.806529595453628012e+00
6.845710482324177448e+00,1.494776052519837695e+00,4.512368213211291668e+00
7.603330265867428217e+00,1.648266220402689219e+00,5.859333374946101181e+00
7.300327589499614689e+00,1.498497676524548572e+00,4.486334260139961394e+00
8.898402319174604003e+00,1.259868080063945461e+00,3.837762191848420379e+00
7.660914234626329034e+00,1.494555695835627862e+00,6.023473129669667969e+00
5.045526196933153074e+00,1.235879490535994663e+00,5.855062510011348031e+00
8.113954956014985953e+00,1.103497285071445955e+00,4.254545776326487783e+00
9.786868668662343396e+00,1.708852386715477900e+00,5.704186274515004484e+00
7.349098955462561200e+00,2.112058853197356978e+00,5.956643762896549177e+00
7.428580170836312391e+00,2.207337923687404668e+00,5.236758737199132874e+00
8.386912067293309292e+00,1.856437868644486233e+00,5.151930635791988955e+00
7.821302537950508338e+00,8.398727430404497873e-01,4.119325741002345609e+00
7.769863982528780966e+00,1.587661932921854868e+00,3.937395248625266131e+00
8.092616863856729736e+00,2.873203008557108973e+00,5.359142157417830177e+00
9.229486574626385220e+00,1.522237228016950938e+00,5.685158619296331040e+00
8.458918256904755850e+00,1.383071768807971003e+00,4.390261325677516702e+00
7.200936303374811054e+00,1.312899316012403839e+00,4.940257504855061654e+00
8.292657213518268122e+00,1.603361624058106116e+00,3.853096397037566234e+00
7.924506965166473904e+00,1.162747151017272440e+00,5.911275154048807323e+00
7.013396009732306702e+00,1.988477291764818800e+00,5.340268355390096033e+00
8.859527203603001055e+00,1.312558398520461411e+00,4.367362435129509279e+00
6.706574017153171141e+00,1.010455391696841509e+00,4.153108619280296843e+00
9.802463333334157980e+00,2.037752192318445399e+00,4.164057452399291037e+00
7.335090115454031334e+00,1.920013264864063318e+00,7.416805933177240462e+00
7.147427693451495756e+00,1.024027519884410431e+00,3.740607137928201986e+00
8.818129339076151041e+00,1.210125365960204702e+00,4.081303144644422787e+00
5.065987763655913412e+00,1.357380594353275738e+00,3.335408433770070680e+00
8.637243979200531996e+00,1.832855913737684750e+00,6.940227245172925663e+00
7.605928317454341503e+00,1.144824897676112618e+00,5.350488456254380409e+00
9.145646847495701337e+00,1.620014117581753510e+00,5.990636722668095437e+00
7.366627715232768381e+00,1.638019822267554160e+00,5.292735165309510492e+00
7.088105947535091822e+00,1.957421738541019085e+00,1.941215002095558084e+00
7.712437873151640311e+00,2.192684633008907369e+00,4.108366625382889659e+00
1.021552763817899390e+01,1.517219186200766901e+00,3.671589860017250295e+00
8.629903613859767120e+00,2.372707766401644491e+00,6.238600335950805764e+00
7.900249702933564322e+00,2.033673714670197974e+00,5.051980395331396423e+00
7.451281003527120639e+00,1.431531409950309142e+00,3.941418855422573309e+00
7.029550210022628143e+00,1.795814587358372183e+00,4.946184762867567919e+00
6.466101659078438146e+00,2.016612772999456293e+00,4.905068336048944211e+00
8.496707839902395420e+00,2.033524495651798603e+00,7.187756213774934011e+00
9.027863117977057428e+00,6.592698979994047193e-01,4.915433136500066524e+00
6.841539083757628426e+00,1.237180946769184331e+00,5.007770517577873726e+00
5.181118518167816767e+00,6.840063672047550725e+00,6.619415069574355215e+00
6.723281267727750254e+00,6.416152060309541660e+00,5.979963612852969845e+00
4.147693621297181998e+00,5.809438728646340699e+00,5.575809797813715107e+00
5.466646720754326338e+00,6.627252158710958518e+00,4.523687898775070160e+00
5.786972371040890906e+00,7.166730637889014766e+00,6.981950964716343577e+00
6.159368904157787483e+00,8.475856052927515094e+00,4.485495145588295429e+00
5.202137783944176697e+00,7.221034739233363808e+00,7.122260726428240929e+00
6.469008881623668827e+00,4.842371804554046477e+00,6.472143666482925717e+00
5.096554109229527896e+00,7.748559824082263958e+00,7.380899506945090671e+00
5.550410685052304949e+00,8.114553905353574237e+00,5.929469358447912342e+00
5.142884026162668043e+00,6.724064898267618773e+00,4.690073660141225176e+00
4.229771284075347637e+00,4.832132838705917699e+00,4.769237160160771261e+00
7.454101359362639734e+00,8.863050859975498241e+00,5.785917241318508708e+00
3.833756707825887844e+00,6.267321119700504539e+00,7.418141988448460289e+00
2.712860792836546686e+00,8.555800703242450567e+00,6.329957707166357750e+00
5.662401897664804729e+00,7.238484533657500108e+00,5.729314796801119769e+00
4.330872351821098754e+00,5.748940398338694635e+00,6.243638852489572066e+00
4.753954393278582380e+00,8.111902173254513571e+00,4.552023668188082794e+00
4.869119964276061197e+00,5.334687700654283660e+00,4.724336580075561898e+00
5.025527536098181258e+00,6.627197281346130175e+00,7.572743154871905524e+00
7.200981901683796593e+00,7.968653311818795437e+00,6.700011628113689888e+00
6.158964738155994212e+00,9.409257754058863554e+00,5.162005974395103891e+00
5.285801820476835111e+00,7.910766748616090638e+00,8.727629938770522955e+00
4.213126840749754187e+00,5.942448233524046941e+00,5.833126550986266423e+00
6.619064606209245305e+00,6.224142878248233757e+00,5.533086308051841762e+00
3.958562029090654910e+00,7.174778283824216452e+00,4.915035265988682234e+00
4.990745313315961162e+00,7.326768765863300281e+00,4.234613402316994346e+00
4.570283359080842267e+00,7.774861217684247094e+00,6.719413375939755184e+00
5.747234474504341328e+00,7.586476104690989430e+00,6.521375365662983370e+00
5.371331682081247116e+00,6.330824043745183261e+00,5.449203695065521380e+00
5.311315045430207604e+00,6.607992299782144308e+00,5.932406093996222651e+00
5.817737846832278237e+00,6.423148685155969595e+00,6.736475465223021430e+00
4.870533191157037756e+00,7.498423793303536478e+00,5.290090133085371349e+00
7.698578792604660492e+00,7.693059811593172981e+00,6.325530575857182036e+00
6.587594356231494253e+00,8.089560995950273892e+00,5.950349833176612258e+00
6.623464860580338787e+00,7.629684296593804760e+00,5.398924286625140567e+00
5.670513700939195267e+00,6.431601281020388861e+00,5.471751224857455576e+00
3.450017272354731546e+00,4.637655143488483844e+00,7.368855260249084438e+00
4.563691886988158863e+00,6.426187559548320216e+00,5.573714529532034945e+00
4.544685420277920329e+00,5.929335609980169508e+00,6.455776323231241065e+00
5.646624489837363647e+00,6.188442459927274264e+00,6.335802441706245958e+00
6.371630186740050661e+00,7.915577664750645503e+00,6.016355153022706403e+00
3.842605450651588761e+00,7.155774899239467857e+00,6.411747998861401676e+00
5.613725873400385424e+00,5.922807288133135728e+00,5.764575937191167121e+00
5.182315611078288420e+00,5.680154728602182956e+00,6.425602235583076194e+00
4.823124581267620670e+00,7.308591984618744597e+00,4.673622299642016031e+00
6.546116643451410866e+00,6.938615222654710202e+00,5.962348513099581915e+00
4.374437902903756559e+00,6.477058938621919282e+00,5.205092941247382754e+00
5.542991675671467888e+00,7.461316501090759168e+00,4.983440287934767454e+00
6.002175450536141099e+00,5.069371948810571737e+00,4.969616817382851437e+00
4.102744530448815041e+00,8.065873992660732128e+00,6.502989120999824735e+00
4.697449537648688001e+00,7.935068163715980560e+00,4.699317513270186986e+00
4.693890819690477834e+00,7.088388487635149282e+00,7.191811492668421124e+00
6.131923451435084438e+00,9.220474775087723174e+00,6.442190355911797006e+00
4.271046147445788144e+00,7.253684656247962437e+00,8.153748722126124449e+00
4.288859468870390046e+00,7.341239840961332419e+00,6.841155636829745923e+00
4.996501915016770212e+00,7.543013960159731468e+00,5.908638338835395132e+00
5.351221915422424757e+00,6.898495395973196942e+00,4.832471183141380244e+00
6.299348035999387641e+00,4.087505906654312682e+00,4.706741558050347329e+00
6.040804590819567110e+00,7.433211737407487973e+00,5.360580423105465897e+00
4.173916679770234950e+00,7.682279280092272344e+00,6.639667308431233650e+00
2.092144940544308440e+00,5.211067785927221863e+00,6.621831596481700721e+00
5.040388176184741553e+00,5.653894629385591841e+00,7.322542074159597014e+00
4.898220422647611372e+00,6.703491995496948519e+00,5.310044649247055659e+00
4.889077422423460106e+00,6.749546656441507864e+00,6.251696832766576506e+00
5.891762782361716688e+00,7.867273837559482175e+00,5.313153420079903988e+00
4.816371873473168641e+00,6.827193001106858894e+00,5.574738244914932750e+00
4.206006631518143024e+00,7.420001400332638219e+00,6.749407971133200235e+00
5.686659328237366751e+00,5.526237747605526884e+00,5.967713883079116322e+00
5.897028906658346337e+00,7.583685951725590790e+00,5.273447328852189919e+00
5.578727947978079804e+00,7.836538998578380877e+00,6.632513596979496384e+00
5.616571870519306842e+00,5.402156524988202868e+00,5.488477785668227860e+00
3.940349156863991453e+00,6.518023680217196691e+00,7.652773128116932000e+00
4.751587527171064806e+00,5.656819686228951483e+00,5.019830149573397904e+00
6.326516166825386200e+00,5.370811380137880064e+00,5.935091706455130733e+00
5.188471761742046162e+00,7.416113645381825492e+00,4.597346122436547944e+00
5.446311994882468532e+00,6.710099860823334872e+00,5.413109093304536046e+00
4.113698847753049392e+00,6.317732362502636256e+00,6.487987537517057923e+00
7.000335467585315996e+00,7.178803911561076667e+00,3.559362065322765556e+00
5.256623817178697422e+00,6.896672460121275883e+00,5.785638422498244005e+00
7.841163780286191098e+00,7.145932302657439728e+00,7.014550272968636868e+00
6.355693112872518924e+00,7.902407920495589266e+00,5.112514870790940691e+00
4.360737266742733986e+00,8.033988392715304627e+00,6.192104314138243026e+00
5.016114855067131728e+00,5.736699581161169625e+00,5.797975155386605906e+00
6.545575148034430413e+00,5.866815268000109107e+00,5.878907512896128118e+00
4.239337042914439024e+00,7.847286946421613507e+00,6.191089401075159593e+00
3.652037640271922569e+00,7.525671925952022612e+00,6.200591282383070890e+00
2.904296160589215248e+00,6.499190074753351531e+00,4.968126693888999412e+00
5.205733999048178795e+00,7.788155328497326835e+00,7.771947612994511090e+00
4.027511315061869546e+00,4.872064841657227419e+00,6.292459492997302561e+00
5.375910772230159118e+00,7.263227572572397150e+00,4.632657361692963605e+00
5.335273325692909019e+00,7.355985700671537231e+00,6.075218591976785376e+00
6.107886655904156470e+00,8.791001994049768342e+00,5.651543690776057005e+00
4.335074842449895272e+00,7.188678115806572677e+00,6.010930271387117330e+00
6.999451598401100760e+00,5.315684262286256789e+00,6.547847988799560426e+00
5.128221490555082696e+00,6.986939703332575746e+00,5.585384284565050983e+00
7.000576275030523377e+00,6.911055985521696421e+00,7.854389711483575454e+00
3.678828776528041189e+00,5.322675547600490553e+00,6.785343609464039361e+00
4.856194372925811464e+00,6.776064758542548638e+00,4.924942642694132289e+00
5.539016145184938900e+00,6.819973523811917460e+00,5.689973591667368602e+00
7.045111877175629367e+00,6.614035267759539316e+00,5.943742953460801282e+00
4.502700669661931165e+00,5.317530005587648212e+00,5.042765026905811965e+00
6.440620407324907148e+00,7.742928610817118695e+00,6.643303937051213026e+00
5.917567022647324926e+00,7.387324483389114960e+00,6.386859206608257011e+00
4.730240614430369916e+00,8.480181068169653003e+00,6.612680833308388628e+00
5.661572016693021681e+00,6.032914363674946046e+00,7.090617663337138055e+00
5.178650130585145561e+00,7.228119620006816071e+00,5.898781051050841384e+00
4.682519303584371073e+00,8.952909258744053744e+00,5.745548802205720840e+00
5.140862713165385678e+00,7.649802941174051796e+00,5.381964968197574528e+00
4.307858920479582743e+00,6.402828478497093023e+00,4.680794971596220932e+00
5.407548899689876620e+00,6.212749568296077385e+00,6.710055755333685923e+00
5.558508853267857930e+00,6.053626478282198242e+00,5.608365914305513122e+00
5.093796096436504328e+00,6.442439108960773986e+00,6.316541469973166123e+00
5.227586205901564753e+00,6.595030255567094990e+00,7.222234631724139042e+00
6.089072313162244399e+00,5.049836828077246764e+00,4.856698735862748251e+00
5.947847621853958877e+00,5.238750128726550770e+00,4.902820107056451882e+00
4.795829342156273434e+00,8.068806642599357204e+00,7.326957862337553529e+00
7.085587734461956444e+00,6.804996527700473585e+00,5.501459353043080647e+00
5.522944747233800022e+00,8.214378122860946263e+00,6.452258857126398794e+00
4.303802525807848056e+00,7.052532870096951179e+00,6.959388555387024056e+00
5.717616177734692329e+00,6.617270222104618682e+00,5.319220504009591899e+00
4.553739179529207703e+00,6.412251146226563669e+00,6.500370716727378984e+00
6.388283352545316873e+00,5.116349494353747751e+00,6.950267040384749961e+00
3.898630013423516338e+00,6.881077516317415821e+00,4.612704298114311818e+00
7.131478369524229421e+00,7.089245286388477396e+00,5.421199010403707774e+00
4.714211575872806925e+00,7.804954316934622938e+00,6.954817251652230858e+00
5.663792447133584318e+00,6.658361209224924693e+00,6.720250985388498854e+00
4.709701131232240989e+00,5.742860991163972528e+00,5.880189227383868733e+00
5.075204752373385197e+00,7.025683777442078615e+00,6.090420617800293535e+00
3.936411343854397060e+00,6.742866611087169559e+00,5.474285211783397997e+00
6.060824826309273661e+00,7.662003179149767362e+00,6.367771869730778356e+00
4.314660845254483235e+00,5.501087055234740397e+00,7.321370395965484335e+00
5.245352746454185144e+00,7.024323357675765322e+00,6.566304929912758936e+00
5.522936218777324768e+00,6.022953471257787683e+00,6.616661669157382519e+00
2.994187190692849221e+00,7.056620331715290462e+00,5.862132025246036271e+00
4.178990320464790464e+00,8.429125010856646227e+00,5.747870591647220806e+00
4.255903263605812725e+00,7.781078474269701672e+00,5.329148066429391761e+00
4.514140389371851469e+00,5.449562321336933302e+00,6.194554963576819340e+00
4.183005051995301926e+00,6.555512164451744006e+00,5.582547534957764235e+00
6.373758047549847205e+00,7.246132961874589995e+00,6.053572478678053592e+00
3.934714709555059642e+00,8.333433875923486056e+00,5.094531219354069052e+00
3.235200917207474269e+00,9.474721328376565666e+00,6.602474233800847081e+00
4.040649887630661574e+00,7.995031348949206418e+00,4.705158453130756868e+00
5.821047962376460383e+00,7.820123384546587175e+00,6.341772747295672197e+00
4.584819226500911782e+00,7.089874488741706671e+00,5.215025877328660187e+00
3.995496206042467247e+00,8.828795022608948884e+00,7.746336247923054863e+00
5.126423895053602742e+00,8.868473349523441129e+00,5.437650493396610329e+00
6.186189652237576553e+00,4.646685443115712744e+00,5.766124302169280291e+00
5.900863890183293492e+00,6.803271401263578433e+00,6.174606505475213503e+00
6.182810921447260633e+00,5.510035287454075004e+00,6.429785203037971186e+00
4.842610620174450986e+00,7.566645909993034991e+00,7.125885567823224243e+00
3.347048268866810616e+00,7.055031297472290852e+00,6.241670823729485562e+00
4.303958729517171733e+00,7.444955154810507736e+00,5.414536174196711293e+00
4.768363494154945315e+00,6.118449883008810986e+00,6.125788422599741878e+00
4.203902152027358063e+00,8.366541865261451605e+00,6.482421269283430654e+00
5.693315911839781585e+00,7.829620063523886841e+00,5.691500894607980143e+00
5.243556746334449237e+00,7.518380543295660523e+00,5.829206654020430811e+00
6.389957080129309297e+00,6.652423015076935009e+00,6.894061723817777043e+00
4.564712088302762538e+00,7.194083363718226209e+00,3.350723336913696393e+00
2.448089485786883568e+00,5.553908860122523272e+00,5.123885444753742746e+00
6.121946380276662936e+00,7.320600065290948422e+00,6.365045905640744017e+00
4.546498181216925616e+00,8.176670278657228508e+00,5.946313479639143473e+00
4.395534768402984405e+00,4.898563407772176248e+00,3.784900774310092864e+00
4.456081658479451590e+00,6.435864704034807815e+00,5.763358401257638874e+00
5.421631110030946665e+00,5.057733632233275323e+00,6.281676604656563079e+00
6.710820448699956309e+00,8.304845021494763557e+00,5.366338496559731830e+00
6.464201011517120676e+00,6.587586431572098000e+00,4.910356713731935940e+00
6.464380066076361508e+00,5.753241429759205161e+00,5.335748464735945440e+00
6.127654688943051653e+00,6.635379584497304251e+00,6.836657637881288885e+00
6.414731567108490573e+00,6.265285363634464311e+00,4.884752113210522495e+00
5.901268842277152871e+00,6.482729085765974730e+00,6.702508053682723954e+00
5.805337857047036643e+00,6.432538519423244061e+00,5.780897072187148211e+00
4.340396443967397211e+00,7.741599837938020201e+00,3.553498985017862211e+00
5.269871354874454461e+00,7.369743911675432635e+00,5.937317305370465093e+00
5.746738021321796452e+00,9.866651400948180495e+00,5.070619126785782527e+00
5.984852522263027552e+00,6.810075716167221849e+00,6.012061361971150042e+00
4.580915104803619187e+00,6.960629014489866151e+00,3.821019106676559307e+00
5.572656620618512413e+00,7.217397961238948945e+00,7.330211595798935775e+00
4.805724662804351510e+00,7.006259927350946271e+00,6.569851662062569098e+00
5.704150919710053280e+00,7.109600485973146533e+00,5.526328140232648067e+00
3.205328219603621687e+00,6.951898468174991130e+00,4.433472679201017286e+00
3.582058089305711235e+00,7.528186848129654329e+00,5.832837586165286581e+00
6.960374377931338508e+00,7.287530770384684331e+00,5.696079915669072236e+00
5.042257384494676309e+00,7.244381194059893225e+00,5.600286728795077273e+00
4.920941192457486402e+00,5.971907229731149513e+00,7.003277510547930795e+00
6.102842213252872128e+00,8.745440626524484173e+00,7.408839669301505282e+00
4.591368108568168793e+00,7.574674495235184324e+00,4.507569100436150222e+00
6.066575133480676563e+00,7.472242766438847106e+00,6.138442765194135120e+00
4.841224367605697410e+00,6.305937286130657959e+00,4.841525190220011154e+00
3.913241159681398074e+00,6.973952007033534350e+00,6.336627758573402325e+00
5.346047907225704776e+00,6.420744973449933113e+00,5.492808402861624195e+00
6.522960430874359616e+00,6.384427493996442493e+00,7.567889110760040339e+00
4.360257931934202524e+00,7.929735852839148613e+00,5.783543674798605316e+00
4.811250435685455074e+00,6.644424463882326215e+00,5.816544770465580605e+00
4.469539089217117400e+00,5.939549055007727674e+00,6.479752221094197573e+00
5.175689687519706261e+00,6.649876127450793817e+00,6.908345030104938722e+00
5.669761359034438897e+00,6.298469488141377859e+00,4.324389996567706618e+00
6.765440864979043845e+00,5.219199106962560286e+00,6.579976966519287984e+00
5.947784824086168598e+00,6.961538013572203809e+00,4.562287231666659615e+00
3.322698132765673940e+00,6.392566772915934337e+00,6.052241190682161154e+00
